data,valor
1964-10-01,10000
1964-11-01,10000
1964-12-01,10000
1965-01-01,11300
1965-02-01,11300
1965-03-01,11300
1965-04-01,13400
1965-05-01,13400
1965-06-01,13400
1965-07-01,15200
1965-08-01,15200
1965-09-01,15700
1965-10-01,15900
1965-11-01,16050
1965-12-01,16300
1966-01-01,16600
1966-02-01,17050
1966-03-01,17300
1966-04-01,17600
1966-05-01,18280
1966-06-01,19090
1966-07-01,19870
1966-08-01,20430
1966-09-01,21010
1966-10-01,21610
1966-11-01,22180
1966-12-01,22690
1967-01-01,23230
1967-02-01,23.78
1967-03-01,24.28
1967-04-01,24.64
1967-05-01,25.01
1967-06-01,25.46
1967-07-01,26.18
1967-08-01,26.84
1967-09-01,27.25
1967-10-01,27.38
1967-11-01,27.57
1967-12-01,27.96
1968-01-01,28.48
1968-02-01,28.98
1968-03-01,29.4
1968-04-01,29.83
1968-05-01,30.39
1968-06-01,31.2
1968-07-01,32.09
1968-08-01,32.81
1968-09-01,33.41
1968-10-01,33.88
1968-11-01,34.39
1968-12-01,34.95
1969-01-01,35.62
1969-02-01,36.27
1969-03-01,36.91
1969-04-01,37.43
1969-05-01,38.01
1969-06-01,38.48
1969-07-01,39
1969-08-01,39.27
1969-09-01,39.56
1969-10-01,39.92
1969-11-01,40.57
1969-12-01,41.42
1970-01-01,42.35
1970-02-01,43.3
1970-03-01,44.17
1970-04-01,44.67
1970-05-01,45.08
1970-06-01,45.5
1970-07-01,46.2
1970-08-01,46.61
1970-09-01,47.05
1970-10-01,47.61
1970-11-01,48.51
1970-12-01,49.54
1971-01-01,50.51
1971-02-01,51.44
1971-03-01,52.12
1971-04-01,52.64
1971-05-01,53.25
1971-06-01,54.01
1971-07-01,55.08
1971-08-01,56.18
1971-09-01,57.36
1971-10-01,58.61
1971-11-01,59.79
1971-12-01,60.77
1972-01-01,61.52
1972-02-01,62.26
1972-03-01,63.09
1972-04-01,63.81
1972-05-01,64.66
1972-06-01,65.75
1972-07-01,66.93
1972-08-01,67.89
1972-09-01,68.46
1972-10-01,68.95
1972-11-01,69.61
1972-12-01,70.07
1973-01-01,70.87
1973-02-01,71.57
1973-03-01,72.32
1973-04-01,73.19
1973-05-01,74.03
1973-06-01,74.97
1973-07-01,75.8
1973-08-01,76.48
1973-09-01,77.12
1973-10-01,77.87
1973-11-01,78.4
1973-12-01,79.07
1974-01-01,80.62
1974-02-01,81.47
1974-03-01,82.69
1974-04-01,83.73
1974-05-01,85.1
1974-06-01,86.91
1974-07-01,89.8
1974-08-01,93.75
1974-09-01,98.22
1974-10-01,101.9
1974-11-01,104.1
1974-12-01,105.41
1975-01-01,106.76
1975-02-01,108.38
1975-03-01,110.18
1975-04-01,112.25
1975-05-01,114.49
1975-06-01,117.13
1975-07-01,119.27
1975-08-01,121.31
1975-09-01,123.2
1975-10-01,125.7
1975-11-01,128.43
1975-12-01,130.93
1976-01-01,133.34
1976-02-01,135.9
1976-03-01,138.94
1976-04-01,142.24
1976-05-01,145.83
1976-06-01,150.17
1976-07-01,154.6
1976-08-01,158.55
1976-09-01,162.97
1976-10-01,168.33
1976-11-01,174.4
1976-12-01,179.68
1977-01-01,183.65
1977-02-01,186.83
1977-03-01,190.51
1977-04-01,194.83
1977-05-01,200.45
1977-06-01,206.9
1977-07-01,213.8
1977-08-01,219.51
1977-09-01,224.01
1977-10-01,227.15
1977-11-01,230.3
1977-12-01,233.74
1978-01-01,238.32
1978-02-01,243.35
1978-03-01,248.99
1978-04-01,255.41
1978-05-01,262.87
1978-06-01,270.88
1978-07-01,279.04
1978-08-01,287.58
1978-09-01,295.57
1978-10-01,303.29
1978-11-01,310.49
1978-12-01,318.44
1979-01-01,326.82
1979-02-01,334.2
1979-03-01,341.97
1979-04-01,350.51
1979-05-01,363.64
1979-06-01,377.54
1979-07-01,390.1
1979-08-01,400.71
1979-09-01,412.24
1979-10-01,428.8
1979-11-01,448.47
1979-12-01,468.71
1980-01-01,487.83
1980-02-01,508.33
1980-03-01,527.14
1980-04-01,546.64
1980-05-01,566.86
1980-06-01,586.13
1980-07-01,604.89
1980-08-01,624.25
1980-09-01,644.23
1980-10-01,663.56
1980-11-01,684.79
1980-12-01,706.7
1981-01-01,738.5
1981-02-01,775.43
1981-03-01,825.83
1981-04-01,877.86
1981-05-01,930.53
1981-06-01,986.36
1981-07-01,1045.54
1981-08-01,1108.27
1981-09-01,1172.55
1981-10-01,1239.39
1981-11-01,1310.04
1981-12-01,1382.09
1982-01-01,1453.96
1982-02-01,1526.66
1982-03-01,1602.99
1982-04-01,1683.14
1982-05-01,1775.71
1982-06-01,1873.37
1982-07-01,1976.41
1982-08-01,2094.99
1982-09-01,2241.64
1982-10-01,2398.55
1982-11-01,2566.45
1982-12-01,2733.27
1983-01-01,2910.93
1983-02-01,3085.59
1983-03-01,3292.32
1983-04-01,3588.63
1983-05-01,3911.61
1983-06-01,4224.54
1983-07-01,4554.05
1983-08-01,4963.91
1983-09-01,5385.84
1983-10-01,5897.49
1983-11-01,6469.55
1983-12-01,7012.99
1984-01-01,7545.98
1984-02-01,8285.49
1984-03-01,9304.61
1984-04-01,10235.07
1984-05-01,11145.99
1984-06-01,12137.98
1984-07-01,13254.67
1984-08-01,14619.9
1984-09-01,16169.61
1984-10-01,17867.42
1984-11-01,20118.71
1984-12-01,22110.46
1985-01-01,24432.06
1985-02-01,27510.5
1985-03-01,30316.57
1985-04-01,34166.77
1985-05-01,38208.46
1985-06-01,42031.56
1985-07-01,45901.91
1985-08-01,49396.88
1985-09-01,53437.4
1985-10-01,58300.2
1985-11-01,63547.22
1985-12-01,70613.67
1986-01-01,80047.66
1986-02-01,93039.4
1986-03-01,106.4
1986-04-01,106.28
1986-05-01,107.12
1986-06-01,108.61
1986-07-01,109.99
1986-08-01,111.31
1986-09-01,113.18
1986-10-01,115.13
1986-11-01,117.32
1986-12-01,121.17
1987-01-01,129.98
1987-02-01,151.85
1987-03-01,181.61
1987-04-01,207.97
1987-05-01,251.56
1987-06-01,310.53
1987-07-01,366.49
1987-08-01,377.67
1987-09-01,401.69
1987-10-01,424.51
1987-11-01,463.48
1987-12-01,522.99
1988-01-01,596.94
1988-02-01,695.5
1988-03-01,820.42
1988-04-01,951.77
1988-05-01,1135.27
1988-06-01,1337.12
1988-07-01,1598.26
1988-08-01,1982.48
1988-09-01,2392.06
1988-10-01,2966.39
1988-11-01,3774.73
1988-12-01,4790.89
1989-01-01,6.17
1989-02-01,8.805824
1989-03-01,9.698734
1989-04-01,10.289386
1989-05-01,11.04154
1989-06-01,12.139069
1989-07-01,15.153199
1989-08-01,19.511259
1989-09-01,25.235862
1989-10-01,34.308154
1989-11-01,47.214881
1989-12-01,66.771284
1990-01-01,102.527306
1990-02-01,160.055377
1990-03-01,276.54368
1990-04-01,509.72531
1990-05-01,738.082248
1990-06-01,796.16932
1990-07-01,872.20349
1990-08-01,984.89218
1990-09-01,1103.374709
1990-10-01,1244.165321
1990-11-01,1420.836796
1990-12-01,1642.203168
1991-01-01,1942.726347
1991-02-01,2329.523162
1991-03-01,2838.989877
1991-04-01,3173.706783
1991-05-01,3332.709492
1991-06-01,3555.334486
1991-07-01,3940.37721
1991-08-01,4418.739003
1991-09-01,5108.946035
1991-10-01,5906.963405
1991-11-01,7152.15129
1991-12-01,9046.040951
1992-01-01,11230.65984
1992-02-01,14141.64687
1992-03-01,17603.522023
1992-04-01,21409.403484
1992-05-01,25871.12317
1992-06-01,32209.548346
1992-07-01,38925.239176
1992-08-01,47519.931986
1992-09-01,58154.892764
1992-10-01,72100.436048
1992-11-01,90897.019725
1992-12-01,111703.34754
1993-01-01,140277.06384
1993-02-01,180634.775106
1993-03-01,225414.135854
1993-04-01,287583.354522
1993-05-01,369170.752199
1993-06-01,468034.679637
1993-07-01,610176.811842
1993-08-01,799.392641
1993-09-01,1065.910147
1993-10-01,1445.693932
1993-11-01,1938.964701
1993-12-01,2636.991993
1994-01-01,3631.929071
1994-02-01,5132.642163
1994-03-01,7214.955088
1994-04-01,10323.157739
1994-05-01,14747.663145
1994-06-01,21049.339606
1994-07-01,11.346741
1994-08-01,12.036622
1994-09-01,12.693821
1994-10-01,12.885497
1994-11-01,13.125167
1994-12-01,13.554359
1995-01-01,13.851199
1995-02-01,14.082514
1995-03-01,14.22193
1995-04-01,14.422459
1995-05-01,14.69937
1995-06-01,15.077143
1995-07-01,15.351547
1995-08-01,15.729195
1995-09-01,15.889632
1995-10-01,16.07554
1995-11-01,16.300597
1995-12-01,16.546736
1996-01-01,16.819757
1996-02-01,17.065325
1996-03-01,17.186488
1996-04-01,17.236328
1996-05-01,17.396625
1996-06-01,17.619301
1996-07-01,17.853637
1996-08-01,18.06788
1996-09-01,18.158219
1996-10-01,18.16185
1996-11-01,18.230865
1996-12-01,18.292849
1997-01-01,18.353215
1997-02-01,18.501876
1997-03-01,18.585134
1997-04-01,18.711512
1997-05-01,18.823781
1997-06-01,18.844487
1997-07-01,18.910442
1997-08-01,18.94448
1997-09-01,18.938796
1997-10-01,18.957734
1997-11-01,19.012711
1997-12-01,19.04123
1998-01-01,19.149765
1998-02-01,19.312538
1998-03-01,19.416825
1998-04-01,19.511967
1998-05-01,19.59977
1998-06-01,19.740888
1998-07-01,19.770499
1998-08-01,19.715141
1998-09-01,19.618536
1998-10-01,19.557718
1998-11-01,19.579231
1998-12-01,19.543988
1999-01-01,19.626072
1999-02-01,19.753641
1999-03-01,20.008462
1999-04-01,20.26457
1999-05-01,20.359813
1999-06-01,20.369992
1999-07-01,20.38425
1999-08-01,20.535093
1999-09-01,20.648036
1999-10-01,20.728563
1999-11-01,20.927557
1999-12-01,21.124276
2000-01-01,21.280595
2000-02-01,21.410406
2000-03-01,21.421111
2000-04-01,21.448958
2000-05-01,21.468262
2000-06-01,21.457527
2000-07-01,21.521899
2000-08-01,21.821053
2000-09-01,22.085087
2000-10-01,22.180052
2000-11-01,22.21554
2000-12-01,22.279965
2001-01-01,22.402504
2001-02-01,22.575003
2001-03-01,22.68562
2001-04-01,22.79451
2001-05-01,22.985983
2001-06-01,23.117003
2001-07-01,23.255705
2001-08-01,23.513843
2001-09-01,23.699602
2001-10-01,23.80388
2001-11-01,24.027636
2001-12-01,24.337592
2002-01-01,24.51769
2002-02-01,24.780029
2002-03-01,24.856847
2002-04-01,25.010959
2002-05-01,25.181033
2002-06-01,25.203695
2002-07-01,25.357437
2002-08-01,25.649047
2002-09-01,25.869628
2002-10-01,26.084345
2002-11-01,26.493869
2002-12-01,27.392011
2003-01-01,28.131595
2003-02-01,28.826445
2003-03-01,29.247311
2003-04-01,29.647999
2003-05-01,30.057141
2003-06-01,30.354706
2003-07-01,30.336493
2003-08-01,30.348627
2003-09-01,30.403254
2003-10-01,30.65256
2003-11-01,30.772104
2003-12-01,30.88596
2004-01-01,31.052744
2004-02-01,31.310481
2004-03-01,31.432591
2004-04-01,31.611756
2004-05-01,31.741364
2004-06-01,31.868329
2004-07-01,32.02767
2004-08-01,32.261471
2004-09-01,32.422778
2004-10-01,32.477896
2004-11-01,32.533108
2004-12-01,32.676253
2005-01-01,32.957268
2005-02-01,33.145124
2005-03-01,33.290962
2005-04-01,33.533986
2005-05-01,33.839145
2005-06-01,34.076019
2005-07-01,34.038535
2005-08-01,34.048746
2005-09-01,34.048746
2005-10-01,34.099819
2005-11-01,34.297597
2005-12-01,34.482804
2006-01-01,34.620735
2006-02-01,34.752293
2006-03-01,34.832223
2006-04-01,34.92627
2006-05-01,34.968181
2006-06-01,35.013639
2006-07-01,34.989129
2006-08-01,35.027617
2006-09-01,35.020611
2006-10-01,35.076643
2006-11-01,35.227472
2006-12-01,35.375427
2007-01-01,35.594754
2007-02-01,35.769168
2007-03-01,35.919398
2007-04-01,36.077443
2007-05-01,36.171244
2007-06-01,36.265289
2007-07-01,36.377711
2007-08-01,36.494119
2007-09-01,36.709434
2007-10-01,36.801207
2007-11-01,36.91161
2007-12-01,37.070329
2008-01-01,37.429911
2008-02-01,37.688177
2008-03-01,37.86908
2008-04-01,38.062212
2008-05-01,38.30581
2008-06-01,38.673545
2008-07-01,39.025474
2008-08-01,39.251821
2008-09-01,39.334249
2008-10-01,39.39325
2008-11-01,39.590216
2008-12-01,39.740658
2009-01-01,39.855905
2009-02-01,40.110982
2009-03-01,40.235326
2009-04-01,40.315796
2009-05-01,40.537532
2009-06-01,40.780757
2009-07-01,40.952036
2009-08-01,41.046225
2009-09-01,41.079061
2009-10-01,41.144787
2009-11-01,41.243534
2009-12-01,41.396135
2010-01-01,41.495485
2010-02-01,41.860645
2010-03-01,42.153669
2010-04-01,42.45296
2010-05-01,42.762866
2010-06-01,42.946746
2010-07-01,42.899504
2010-08-01,42.869474
2010-09-01,42.839465
2010-10-01,43.070798
2010-11-01,43.467049
2010-12-01,43.914759
2011-01-01,44.178247
2011-02-01,44.593522
2011-03-01,44.834327
2011-04-01,45.130233
2011-05-01,45.45517
2011-06-01,45.714264
2011-07-01,45.814835
2011-08-01,45.814835
2011-09-01,46.007257
2011-10-01,46.214289
2011-11-01,46.362174
2011-12-01,46.626438
2012-01-01,46.864232
2012-02-01,47.103239
2012-03-01,47.286941
2012-04-01,47.372057
2012-05-01,47.675238
2012-06-01,47.937451
2012-07-01,48.062088
2012-08-01,48.268754
2012-09-01,48.485963
2012-10-01,48.791424
2012-11-01,49.137843
2012-12-01,49.403187
2013-01-01,49.76877
2013-02-01,50.226642
2013-03-01,50.48782
2013-04-01,50.790746
2013-05-01,51.090411
2013-06-01,51.269227
2013-07-01,51.41278
2013-08-01,51.345943
2013-09-01,51.428096
2013-10-01,51.566951
2013-11-01,51.881509
2013-12-01,52.161669
2014-01-01,52.537233
2014-02-01,52.868217
2014-03-01,53.206573
2014-04-01,53.642866
2014-05-01,54.06128
2014-06-01,54.385647
2014-07-01,54.527049
2014-08-01,54.597934
2014-09-01,54.69621
2014-10-01,54.964221
2014-11-01,55.173085
2014-12-01,55.465502
2015-01-01,55.809388
2015-02-01,56.635366
2015-03-01,57.292336
2015-04-01,58.15745
2015-05-01,58.570367
2015-06-01,59.150213
2015-07-01,59.605669
2015-08-01,59.951381
2015-09-01,60.101259
2015-10-01,60.407775
2015-11-01,60.872914
2015-12-01,61.548603
2016-01-01,62.10254
2016-02-01,63.040288
2016-03-01,63.63917
2016-04-01,63.919182
2016-05-01,64.328264
2016-06-01,64.95868
2016-07-01,65.263985
2016-08-01,65.681674
2016-09-01,65.885287
2016-10-01,65.937995
2016-11-01,66.050089
2016-12-01,66.096324
2017-01-01,66.188858
2017-02-01,66.466851
2017-03-01,66.626371
2017-04-01,66.839575
2017-05-01,66.893046
2017-06-01,67.13386
2017-07-01,66.932458
2017-08-01,67.046243
2017-09-01,67.026129
2017-10-01,67.012723
2017-11-01,67.26067
2017-12-01,67.381739
2018-01-01,67.556931
2018-02-01,67.712311
2018-03-01,67.834193
2018-04-01,67.881676
2018-05-01,68.024227
2018-06-01,68.316731
2018-07-01,69.29366
2018-08-01,69.466894
2018-09-01,69.466894
2018-10-01,69.675294
2018-11-01,69.953995
2018-12-01,69.77911
2019-01-01,69.8768
2019-02-01,70.128356
2019-03-01,70.507049
2019-04-01,71.049953
2019-05-01,71.476252
2019-06-01,71.583466
2019-07-01,71.590624
2019-08-01,71.662214
2019-09-01,71.748208
2019-10-01,71.712333
2019-11-01,71.741017
2019-12-01,72.128418
2020-01-01,73.008384
2020-02-01,73.147099
2020-03-01,73.271449
2020-04-01,73.403337
2020-05-01,73.234509
2020-06-01,73.051422
2020-07-01,73.270576
2020-08-01,73.592966
2020-09-01,73.8579
2020-10-01,74.500463
2020-11-01,75.163517
2020-12-01,75.87757
2021-01-01,76.985382
2021-02-01,77.193242
2021-03-01,77.826226
2021-04-01,78.495531
2021-05-01,78.793814
2021-06-01,79.550234
2021-07-01,80.027535
2021-08-01,80.843815
2021-09-01,81.55524
2021-10-01,82.533902
2021-11-01,83.491295
2021-12-01,84.192621
2022-01-01,84.807227
2022-02-01,85.375435
2022-03-01,86.229189
2022-04-01,87.703708
2022-05-01,88.615826
2022-06-01,89.014597
2022-07-01,89.566487
2022-08-01,89.029088
2022-09-01,88.753097
2022-10-01,88.469087
2022-11-01,88.884891
2022-12-01,89.222653
2023-01-01,89.838289
2023-02-01,90.251545
2023-03-01,90.946481
2023-04-01,91.528538
2023-05-01,92.013639
2023-06-01,92.344888
2023-07-01,92.252543
2023-08-01,92.169515
2023-09-01,92.353854
2023-10-01,92.455443
2023-11-01,92.566389
2023-12-01,92.658955
2024-01-01,93.168579
2024-02-01,93.699639
2024-03-01,94.458606
2024-04-01,94.638077
2024-05-01,94.988237
2024-06-01,95.425182
2024-07-01,95.663744
2024-08-01,95.912469
2024-09-01,96.094702
2024-10-01,96.219625
2024-11-01,96.73921
2024-12-01,97.338993
2025-01-01,97.669945
2025-02-01,97.777381
2025-03-01,98.980042
2025-04-01,99.613514
2025-05-01,100.041852
2025-06-01,100.402002
2025-07-01,100.663047
2025-08-01,100.995235
2025-09-01,100.853841
2025-10-01,101.337939
2025-11-01,101.520347
2025-12-01,101.723387
2026-01-01,101.977695
2026-02-01,102.18165
2026-03-01,103.039975
2026-04-01,103.49335
2026-05-01,104.41444
2026-06-01,105.061809
2026-07-01,105.492562
